UserID,Age,Gender,Country,JoinDate
U0001,56,Male,UK,2023-10-17
U0002,46,Female,India,2022-04-25
U0003,32,Male,UK,2022-01-26
U0004,60,Female,Canada,2024-01-30
U0005,25,Female,India,2022-10-09
U0006,38,Female,India,2022-09-08
U0007,56,Male,Germany,2022-08-17
U0008,36,Male,USA,2022-05-23
U0009,40,Male,India,2024-01-25
U0010,28,Non-binary,Brazil,2022-04-15
U0011,28,Female,India,2023-11-24
U0012,41,Non-binary,Canada,2024-01-29
U0013,53,Male,Brazil,2023-07-13
U0014,57,Female,India,2022-03-31
U0015,41,Non-binary,India,2023-08-28
U0016,20,Male,India,2023-03-09
U0017,39,Male,India,2022-02-02
U0018,19,Female,India,2022-01-31
U0019,41,Female,Canada,2022-04-06
U0020,61,Female,India,2022-08-12
U0021,47,Male,USA,2022-08-27
U0022,55,Female,Brazil,2023-06-02
U0023,19,Male,Germany,2023-09-09
U0024,38,Male,UK,2022-01-28
U0025,50,Male,India,2023-07-29
U0026,29,Female,UK,2022-07-23
U0027,39,Female,USA,2024-01-04
U0028,61,Female,USA,2023-10-28
U0029,42,Male,India,2023-12-20
U0030,44,Female,Australia,2023-07-13
U0031,59,Male,USA,2023-03-06
U0032,45,Female,India,2022-08-14
U0033,33,Male,USA,2023-04-05
U0034,32,Male,USA,2023-08-27
U0035,64,Male,Germany,2022-10-12
U0036,61,Male,Canada,2024-04-08
U0037,20,Female,Germany,2024-06-09
U0038,54,Female,India,2022-01-07
U0039,24,Male,USA,2024-02-17
U0040,38,Female,USA,2024-04-05
U0041,26,Male,India,2022-06-13
U0042,56,Female,India,2023-12-16
U0043,35,Female,Germany,2023-03-09
U0044,21,Female,India,2022-12-15
U0045,42,Male,USA,2022-10-12
U0046,31,Non-binary,India,2022-06-09
U0047,26,Female,India,2022-08-09
U0048,43,Male,India,2024-02-21
U0049,19,Male,Brazil,2022-12-11
U0050,37,Female,Germany,2022-04-15
U0051,45,Female,Brazil,2022-04-05
U0052,64,Female,USA,2023-01-25
U0053,24,Female,India,2022-04-10
U0054,61,Female,USA,2023-01-03
U0055,25,Male,USA,2024-05-17
U0056,64,Male,Germany,2022-12-19
U0057,52,Male,India,2023-09-11
U0058,31,Female,USA,2022-09-28
U0059,34,Male,India,2024-04-06
U0060,53,Female,India,2022-02-14
U0061,57,Female,Canada,2024-01-18
U0062,21,Female,USA,2023-04-16
U0063,19,Male,USA,2023-07-04
U0064,23,Female,USA,2022-05-08
U0065,59,Male,USA,2023-01-23
U0066,21,Female,Germany,2022-03-22
U0067,46,Male,Australia,2023-07-20
U0068,35,Male,Brazil,2022-10-28
U0069,43,Female,Germany,2024-04-29
U0070,61,Male,India,2023-10-06
U0071,51,Male,Canada,2023-09-26
U0072,27,Female,USA,2024-06-01
U0073,53,Female,India,2023-01-06
U0074,31,Female,Germany,2023-08-15
U0075,48,Female,India,2022-07-16
U0076,32,Female,Australia,2023-12-23
U0077,25,Male,USA,2022-03-13
U0078,31,Male,UK,2022-02-16
U0079,40,Male,Canada,2023-11-09
U0080,57,Female,Australia,2022-08-22
U0081,38,Female,UK,2024-03-02
U0082,33,Male,UK,2022-10-24
U0083,62,Male,India,2022-03-23
U0084,35,Non-binary,USA,2024-05-25
U0085,64,Male,India,2022-08-27
U0086,41,Female,Canada,2024-06-06
U0087,43,Female,USA,2022-04-14
U0088,42,Female,Canada,2023-01-25
U0089,62,Male,India,2022-10-12
U0090,58,Female,India,2023-04-10
U0091,46,Non-binary,Canada,2023-10-13
U0092,32,Female,India,2024-05-04
U0093,62,Female,India,2023-01-09
U0094,18,Non-binary,India,2022-06-16
U0095,42,Female,Brazil,2023-01-15
U0096,24,Male,Canada,2022-12-30
U0097,26,Female,USA,2022-08-03
U0098,41,Female,India,2023-11-18
U0099,18,Male,India,2022-10-01
U0100,61,Female,Germany,2023-12-20
U0101,25,Non-binary,Canada,2023-12-01
U0102,41,Non-binary,India,2023-10-26
U0103,28,Male,India,2022-03-15
U0104,34,Male,India,2023-09-16
U0105,25,Prefer not to say,Canada,2023-10-13
U0106,52,Female,Germany,2022-06-25
U0107,52,Male,India,2023-07-01
U0108,50,Non-binary,India,2024-01-17
U0109,22,Female,India,2022-09-08
U0110,59,Female,Brazil,2022-06-17
U0111,56,Female,India,2023-04-19
U0112,58,Male,Germany,2023-01-24
U0113,45,Male,UK,2022-10-04
U0114,24,Male,USA,2023-10-18
U0115,26,Female,India,2023-12-06
U0116,25,Male,India,2023-07-25
U0117,29,Male,UK,2022-08-13
U0118,51,Male,Germany,2023-12-03
U0119,50,Female,UK,2022-11-29
U0120,40,Female,USA,2024-05-13
U0121,41,Male,India,2024-02-26
U0122,54,Male,Brazil,2024-03-05
U0123,52,Female,Germany,2022-02-27
U0124,61,Male,India,2022-08-23
U0125,57,Male,Brazil,2024-04-21
U0126,39,Male,UK,2022-02-02
U0127,44,Male,UK,2024-04-04
U0128,52,Male,Canada,2022-11-20
U0129,18,Female,Germany,2023-02-15
U0130,52,Male,Canada,2022-10-02
U0131,54,Female,India,2022-03-09
U0132,64,Male,India,2022-08-05
U0133,31,Female,Australia,2023-08-04
U0134,20,Female,India,2024-06-16
U0135,18,Male,USA,2024-01-06
U0136,22,Female,USA,2022-11-19
U0137,43,Male,USA,2022-08-06
U0138,31,Non-binary,UK,2023-11-03
U0139,56,Male,Brazil,2023-05-27
U0140,44,Male,India,2023-02-10
U0141,26,Male,India,2023-10-21
U0142,32,Prefer not to say,India,2023-04-15
U0143,32,Female,Australia,2022-05-27
U0144,43,Female,UK,2022-09-29
U0145,59,Male,India,2022-05-23
U0146,30,Female,Germany,2022-09-10
U0147,49,Male,Australia,2024-02-02
U0148,56,Female,Germany,2023-07-29
U0149,49,Male,Australia,2023-07-06
U0150,21,Male,India,2022-09-27
U0151,47,Male,Germany,2024-02-04
U0152,54,Male,USA,2023-08-22
U0153,40,Female,Germany,2023-03-15
U0154,56,Male,Canada,2023-08-21
U0155,62,Female,Germany,2023-02-13
U0156,32,Male,Canada,2023-01-06
U0157,60,Female,India,2022-08-13
U0158,46,Male,USA,2022-05-22
U0159,53,Male,Brazil,2023-06-06
U0160,30,Female,Brazil,2023-05-21
U0161,49,Male,India,2022-04-04
U0162,24,Male,India,2024-02-13
U0163,39,Female,India,2022-02-18
U0164,45,Non-binary,Canada,2024-05-31
U0165,19,Male,Germany,2022-04-23
U0166,59,Male,India,2022-06-06
U0167,62,Female,USA,2023-10-05
U0168,23,Male,Germany,2022-06-13
U0169,45,Male,Canada,2024-03-22
U0170,45,Male,USA,2023-11-28
U0171,61,Female,UK,2023-03-09
U0172,61,Female,USA,2023-09-03
U0173,37,Male,India,2022-03-07
U0174,47,Male,UK,2023-01-30
U0175,28,Male,Canada,2023-01-26
U0176,45,Female,Australia,2023-09-03
U0177,42,Male,UK,2023-04-25
U0178,56,Male,Germany,2023-06-26
U0179,50,Female,India,2022-09-15
U0180,18,Male,USA,2023-07-21
U0181,44,Female,India,2024-05-31
U0182,30,Male,India,2022-01-12
U0183,58,Male,Canada,2023-11-28
U0184,20,Male,Brazil,2024-01-09
U0185,56,Female,India,2022-04-28
U0186,23,Female,USA,2023-11-30
U0187,25,Female,Germany,2023-07-04
U0188,44,Male,India,2024-02-08
U0189,26,Female,UK,2022-10-01
U0190,54,Male,Canada,2024-02-27
U0191,50,Male,UK,2023-10-19
U0192,59,Female,India,2022-12-15
U0193,61,Male,USA,2022-04-25
U0194,41,Male,Germany,2022-10-28
U0195,32,Male,UK,2023-03-22
U0196,49,Male,India,2022-06-11
U0197,49,Male,Germany,2023-04-10
U0198,41,Female,India,2022-01-04
U0199,58,Male,Canada,2024-01-10
U0200,29,Female,India,2024-06-15
U0201,56,Female,Brazil,2024-01-07
U0202,19,Male,USA,2022-09-27
U0203,20,Male,India,2023-05-28
U0204,54,Male,India,2024-02-20
U0205,34,Female,India,2022-07-02
U0206,19,Male,Australia,2023-06-04
U0207,19,Female,Brazil,2022-04-19
U0208,45,Male,USA,2024-06-10
U0209,40,Female,USA,2023-10-03
U0210,54,Male,Canada,2022-11-02
U0211,49,Male,Australia,2024-05-11
U0212,50,Non-binary,UK,2023-10-17
U0213,18,Female,USA,2023-06-04
U0214,36,Male,USA,2023-09-16
U0215,19,Female,Canada,2022-07-23
U0216,61,Female,India,2022-06-06
U0217,43,Female,UK,2023-01-18
U0218,49,Female,USA,2024-02-20
U0219,23,Male,Germany,2022-06-15
U0220,49,Male,India,2023-07-07
U0221,21,Male,UK,2024-03-08
U0222,28,Female,USA,2023-06-28
U0223,34,Female,UK,2022-01-01
U0224,55,Male,India,2023-09-06
U0225,41,Male,UK,2022-11-28
U0226,22,Female,UK,2023-05-16
U0227,51,Prefer not to say,UK,2022-01-20
U0228,23,Female,UK,2022-04-25
U0229,39,Male,Canada,2023-01-07
U0230,28,Male,Germany,2024-06-18
U0231,33,Male,India,2024-05-01
U0232,50,Female,Germany,2024-04-06
U0233,26,Male,USA,2022-11-11
U0234,23,Female,India,2022-09-03
U0235,33,Male,India,2022-03-01
U0236,46,Female,India,2022-09-04
U0237,20,Female,Germany,2024-06-18
U0238,37,Female,Canada,2023-08-04
U0239,53,Male,Germany,2022-03-22
U0240,36,Male,USA,2022-03-29
U0241,43,Male,USA,2024-01-20
U0242,20,Female,India,2023-05-13
U0243,36,Female,India,2024-04-15
U0244,37,Female,USA,2022-03-12
U0245,49,Female,India,2024-02-18
U0246,24,Female,India,2023-06-30
U0247,58,Male,UK,2024-02-24
U0248,50,Female,Canada,2022-05-09
U0249,57,Male,Brazil,2022-05-12
U0250,56,Male,Brazil,2023-11-07
U0251,35,Female,UK,2023-05-02
U0252,57,Male,USA,2023-07-17
U0253,18,Male,UK,2022-06-19
U0254,28,Female,Germany,2022-09-29
U0255,45,Male,India,2023-06-25
U0256,42,Female,USA,2024-06-12
U0257,40,Male,Germany,2023-09-14
U0258,48,Male,USA,2023-03-10
U0259,47,Male,UK,2022-08-05
U0260,59,Male,UK,2023-07-07
U0261,52,Female,India,2024-02-13
U0262,24,Male,USA,2024-01-18
U0263,33,Female,India,2023-12-08
U0264,43,Male,India,2022-07-25
U0265,19,Female,India,2024-01-01
U0266,18,Non-binary,Germany,2022-11-16
U0267,29,Female,India,2023-02-13
U0268,22,Male,USA,2023-11-19
U0269,54,Male,India,2023-10-28
U0270,49,Male,Brazil,2023-01-18
U0271,26,Female,India,2023-03-25
U0272,58,Male,USA,2023-06-14
U0273,52,Female,Australia,2023-04-08
U0274,36,Female,Germany,2022-05-04
U0275,33,Male,India,2022-09-11
U0276,20,Female,Germany,2022-08-19
U0277,37,Male,USA,2022-03-07
U0278,41,Male,USA,2022-12-13
U0279,50,Female,India,2022-01-22
U0280,41,Female,India,2023-08-26
U0281,28,Female,Canada,2023-07-22
U0282,25,Male,USA,2022-08-24
U0283,53,Male,USA,2023-08-26
U0284,55,Female,Canada,2022-08-14
U0285,57,Female,Germany,2022-01-08
U0286,37,Female,India,2022-03-14
U0287,52,Male,UK,2023-12-26
U0288,42,Female,India,2023-10-09
U0289,52,Male,Germany,2022-03-02
U0290,42,Male,Canada,2022-08-23
U0291,46,Female,Brazil,2022-03-11
U0292,35,Male,India,2022-02-02
U0293,63,Non-binary,India,2024-05-30
U0294,35,Male,India,2022-12-05
U0295,19,Male,India,2022-03-14
U0296,52,Female,India,2023-06-11
U0297,33,Female,Australia,2022-09-01
U0298,58,Female,India,2022-10-13
U0299,53,Female,India,2023-11-17
U0300,50,Female,Germany,2023-05-13
U0301,21,Female,USA,2022-08-08
U0302,50,Female,Germany,2023-07-07
U0303,31,Male,India,2022-05-16
U0304,38,Female,USA,2024-01-11
U0305,37,Male,India,2023-08-08
U0306,25,Prefer not to say,India,2023-08-14
U0307,24,Non-binary,Australia,2023-04-30
U0308,20,Male,India,2022-09-06
U0309,34,Female,USA,2024-03-14
U0310,50,Non-binary,USA,2023-04-30
U0311,29,Male,India,2024-04-06
U0312,39,Female,Australia,2023-02-21
U0313,39,Female,India,2022-07-14
U0314,63,Male,Canada,2022-04-07
U0315,47,Female,Brazil,2022-04-10
U0316,55,Male,UK,2023-11-06
U0317,55,Non-binary,Brazil,2023-03-18
U0318,62,Prefer not to say,India,2022-12-29
U0319,25,Non-binary,USA,2023-03-10
U0320,44,Male,India,2023-02-25
U0321,44,Female,Canada,2023-04-24
U0322,51,Female,Brazil,2024-06-03
U0323,38,Male,India,2024-01-17
U0324,47,Female,Canada,2022-02-25
U0325,50,Male,India,2023-11-21
U0326,45,Female,UK,2023-11-01
U0327,64,Male,USA,2023-10-24
U0328,50,Male,Brazil,2022-04-11
U0329,22,Male,UK,2022-03-04
U0330,36,Female,India,2023-02-17
U0331,21,Male,India,2024-01-16
U0332,52,Female,India,2022-12-14
U0333,34,Male,India,2024-03-30
U0334,61,Male,India,2024-06-01
U0335,45,Female,Australia,2022-04-22
U0336,47,Female,UK,2022-09-12
U0337,46,Male,USA,2022-07-16
U0338,63,Female,India,2022-07-14
U0339,23,Female,Australia,2023-07-04
U0340,52,Female,Canada,2023-04-05
U0341,58,Male,India,2022-05-24
U0342,54,Male,Canada,2023-03-09
U0343,41,Female,USA,2022-07-07
U0344,46,Male,India,2022-10-13
U0345,63,Female,USA,2023-04-19
U0346,48,Female,USA,2022-09-13
U0347,52,Non-binary,India,2024-06-14
U0348,50,Female,Brazil,2022-03-19
U0349,38,Prefer not to say,Germany,2023-03-30
U0350,49,Male,Canada,2024-04-07
U0351,40,Female,USA,2024-06-01
U0352,50,Male,USA,2024-05-26
U0353,20,Male,Canada,2023-07-18
U0354,35,Female,USA,2022-04-11
U0355,42,Female,India,2022-02-21
U0356,59,Prefer not to say,USA,2023-10-30
U0357,48,Female,Germany,2023-07-08
U0358,20,Male,USA,2024-05-06
U0359,57,Male,India,2022-01-16
U0360,63,Female,Germany,2022-04-06
U0361,41,Male,India,2024-02-11
U0362,49,Male,India,2024-05-19
U0363,64,Male,India,2022-08-31
U0364,39,Male,India,2022-06-20
U0365,40,Male,Germany,2023-02-21
U0366,19,Male,USA,2023-05-13
U0367,44,Male,India,2023-05-08
U0368,59,Male,Australia,2022-08-07
U0369,19,Prefer not to say,Australia,2024-06-04
U0370,43,Male,Australia,2023-02-15
U0371,34,Male,India,2022-03-02
U0372,57,Female,USA,2022-06-18
U0373,50,Male,Brazil,2023-01-24
U0374,26,Non-binary,Germany,2022-01-03
U0375,60,Female,India,2023-02-04
U0376,56,Male,India,2022-09-29
U0377,46,Male,USA,2024-03-13
U0378,59,Female,Australia,2024-03-14
U0379,43,Non-binary,USA,2023-04-11
U0380,52,Male,USA,2022-10-20
U0381,42,Female,India,2023-03-10
U0382,41,Male,Canada,2023-12-15
U0383,30,Prefer not to say,Germany,2024-01-19
U0384,24,Male,USA,2024-03-13
U0385,53,Non-binary,Germany,2023-07-24
U0386,62,Female,Brazil,2023-11-09
U0387,37,Female,India,2024-01-06
U0388,18,Female,USA,2023-05-14
U0389,25,Male,India,2022-06-08
U0390,63,Male,Germany,2022-07-14
U0391,33,Male,UK,2022-10-31
U0392,31,Male,UK,2022-08-11
U0393,29,Female,Germany,2022-03-01
U0394,40,Male,USA,2023-08-17
U0395,32,Male,Australia,2024-01-24
U0396,45,Non-binary,USA,2023-07-10
U0397,51,Female,India,2022-03-04
U0398,19,Non-binary,Canada,2024-02-05
U0399,49,Prefer not to say,Germany,2022-11-18
U0400,40,Male,India,2022-02-28
U0401,39,Male,Australia,2022-02-21
U0402,42,Female,Australia,2023-08-22
U0403,39,Female,India,2023-05-04
U0404,39,Male,Brazil,2023-05-30
U0405,59,Female,India,2024-05-23
U0406,23,Male,India,2023-06-28
U0407,32,Male,India,2022-06-11
U0408,60,Female,Australia,2022-02-28
U0409,54,Female,Canada,2023-06-05
U0410,50,Female,India,2022-03-24
U0411,25,Male,USA,2024-05-21
U0412,61,Female,UK,2022-07-10
U0413,61,Male,India,2022-03-12
U0414,22,Male,Australia,2023-09-02
U0415,56,Female,Germany,2022-03-11
U0416,21,Non-binary,USA,2023-11-23
U0417,23,Female,Brazil,2024-06-01
U0418,62,Female,USA,2022-08-29
U0419,49,Female,Brazil,2023-02-18
U0420,47,Female,Canada,2022-05-03
U0421,64,Male,UK,2023-08-07
U0422,52,Male,India,2022-09-10
U0423,57,Male,Australia,2023-08-16
U0424,33,Male,USA,2023-09-01
U0425,30,Female,India,2022-02-10
U0426,59,Female,India,2023-09-27
U0427,47,Male,UK,2022-03-25
U0428,36,Male,USA,2023-03-06
U0429,34,Female,Canada,2023-11-05
U0430,36,Male,Australia,2023-08-21
U0431,45,Female,India,2023-08-02
U0432,43,Female,Canada,2023-06-20
U0433,54,Female,India,2022-11-20
U0434,43,Female,Australia,2022-09-25
U0435,40,Female,Germany,2022-07-29
U0436,26,Male,USA,2023-11-17
U0437,29,Female,Canada,2024-01-04
U0438,18,Female,India,2022-11-18
U0439,18,Male,USA,2022-09-02
U0440,64,Female,Germany,2022-09-29
U0441,51,Female,USA,2023-02-10
U0442,49,Female,USA,2022-05-15
U0443,42,Female,USA,2023-11-19
U0444,57,Female,Germany,2023-10-23
U0445,62,Female,India,2022-11-04
U0446,18,Female,India,2023-04-14
U0447,33,Female,Canada,2022-11-20
U0448,56,Female,Germany,2024-02-09
U0449,22,Female,India,2022-03-16
U0450,39,Female,India,2022-01-10
U0451,46,Male,India,2023-04-15
U0452,20,Female,India,2023-09-29
U0453,29,Female,USA,2023-07-31
U0454,43,Male,Canada,2022-04-13
U0455,33,Female,Canada,2022-03-17
U0456,54,Male,UK,2023-07-05
U0457,39,Male,USA,2022-08-07
U0458,46,Female,Germany,2023-06-03
U0459,31,Male,USA,2022-09-29
U0460,45,Female,Brazil,2022-05-16
U0461,22,Female,UK,2022-12-24
U0462,64,Female,India,2022-03-12
U0463,47,Male,Canada,2024-06-19
U0464,63,Male,India,2022-09-08
U0465,22,Female,Canada,2023-01-14
U0466,29,Prefer not to say,India,2022-10-19
U0467,33,Female,India,2022-06-11
U0468,43,Male,Australia,2023-03-25
U0469,43,Female,India,2024-05-03
U0470,38,Female,Germany,2023-07-11
U0471,56,Female,India,2023-12-22
U0472,53,Male,UK,2022-11-06
U0473,50,Female,Canada,2023-09-19
U0474,47,Female,USA,2024-04-06
U0475,54,Non-binary,India,2023-11-01
U0476,40,Male,India,2023-06-26
U0477,27,Female,India,2022-01-09
U0478,22,Non-binary,India,2023-11-15
U0479,53,Male,Canada,2024-04-16
U0480,51,Non-binary,Brazil,2023-07-22
U0481,48,Female,Australia,2022-11-03
U0482,27,Male,Germany,2023-11-11
U0483,36,Male,Germany,2022-04-17
U0484,49,Female,Canada,2024-06-18
U0485,18,Male,India,2022-05-18
U0486,22,Female,Australia,2022-09-28
U0487,62,Male,Canada,2022-04-29
U0488,21,Female,UK,2022-04-20
U0489,33,Male,India,2024-01-31
U0490,41,Female,USA,2023-07-21
U0491,33,Prefer not to say,USA,2022-06-09
U0492,19,Non-binary,Australia,2022-10-06
U0493,45,Female,USA,2022-10-16
U0494,49,Male,USA,2023-09-12
U0495,44,Female,Brazil,2022-08-04
U0496,37,Male,India,2024-01-05
U0497,41,Male,USA,2022-12-18
U0498,29,Male,India,2022-07-28
U0499,52,Female,Canada,2023-12-05
U0500,50,Female,Australia,2023-10-12
U0501,50,Female,India,2024-05-23
U0502,60,Male,Australia,2022-09-28
U0503,54,Male,India,2023-06-02
U0504,29,Prefer not to say,Australia,2023-05-16
U0505,20,Male,Germany,2022-09-15
U0506,18,Male,Germany,2024-05-16
U0507,50,Male,India,2022-02-22
U0508,57,Female,Brazil,2022-04-05
U0509,27,Female,Canada,2023-10-12
U0510,60,Male,India,2023-03-10
U0511,61,Male,Germany,2024-04-29
U0512,46,Female,India,2022-10-11
U0513,30,Female,Australia,2022-02-15
U0514,29,Male,India,2022-01-04
U0515,48,Non-binary,Canada,2022-12-08
U0516,63,Male,USA,2024-02-29
U0517,19,Male,India,2022-05-14
U0518,52,Non-binary,India,2023-10-15
U0519,40,Male,India,2022-09-26
U0520,34,Female,USA,2022-06-15
U0521,43,Male,India,2024-01-30
U0522,25,Male,UK,2023-03-29
U0523,46,Prefer not to say,India,2023-07-19
U0524,43,Male,India,2023-12-24
U0525,27,Female,Canada,2023-03-14
U0526,43,Male,India,2023-07-29
U0527,51,Male,Australia,2022-01-10
U0528,58,Male,Australia,2022-04-25
U0529,24,Female,Canada,2022-03-19
U0530,21,Male,UK,2023-12-09
U0531,62,Female,Australia,2022-06-02
U0532,28,Male,India,2023-07-13
U0533,46,Non-binary,India,2022-02-06
U0534,53,Male,India,2024-05-04
U0535,42,Female,Germany,2023-01-14
U0536,38,Female,India,2023-08-20
U0537,53,Female,UK,2023-07-20
U0538,27,Female,Brazil,2022-06-01
U0539,54,Female,Australia,2023-03-17
U0540,26,Female,USA,2022-05-11
U0541,41,Male,India,2022-02-12
U0542,52,Male,Germany,2022-11-12
U0543,52,Non-binary,UK,2023-01-09
U0544,53,Female,India,2024-03-26
U0545,35,Female,India,2024-05-31
U0546,56,Female,Australia,2022-02-10
U0547,49,Male,Canada,2023-01-02
U0548,41,Male,Germany,2022-08-04
U0549,40,Female,Australia,2023-11-30
U0550,49,Male,UK,2022-09-13
U0551,54,Male,USA,2023-11-14
U0552,29,Female,USA,2022-04-16
U0553,30,Male,India,2022-12-29
U0554,40,Female,USA,2024-03-09
U0555,42,Male,Germany,2023-07-28
U0556,52,Female,UK,2024-06-14
U0557,58,Male,Australia,2023-02-21
U0558,47,Male,USA,2023-09-28
U0559,34,Male,UK,2024-02-07
U0560,37,Male,UK,2022-06-08
U0561,42,Male,UK,2022-08-31
U0562,39,Male,Canada,2024-06-04
U0563,30,Female,India,2022-06-16
U0564,36,Male,USA,2024-03-30
U0565,53,Female,India,2024-04-10
U0566,29,Female,USA,2022-07-01
U0567,58,Female,USA,2023-02-27
U0568,36,Male,Canada,2022-01-26
U0569,29,Female,Brazil,2022-07-03
U0570,26,Male,UK,2024-01-25
U0571,24,Male,Canada,2022-12-07
U0572,45,Prefer not to say,USA,2024-03-12
U0573,31,Male,UK,2023-02-26
U0574,48,Female,India,2024-04-01
U0575,36,Female,India,2023-11-17
U0576,64,Female,USA,2024-06-03
U0577,33,Female,USA,2024-01-23
U0578,22,Male,India,2024-04-10
U0579,52,Male,India,2022-09-12
U0580,29,Female,India,2022-10-01
U0581,42,Male,Brazil,2022-06-13
U0582,38,Male,India,2024-03-17
U0583,53,Male,USA,2023-12-20
U0584,40,Male,India,2022-04-21
U0585,33,Male,UK,2023-01-27
U0586,56,Male,India,2024-06-12
U0587,62,Female,India,2022-02-09
U0588,59,Female,USA,2024-05-29
U0589,56,Female,India,2023-04-27
U0590,31,Male,India,2022-08-16
U0591,48,Male,India,2022-07-24
U0592,22,Male,India,2024-04-16
U0593,52,Female,India,2023-04-17
U0594,40,Female,India,2022-12-25
U0595,46,Male,Germany,2022-11-09
U0596,60,Non-binary,UK,2024-04-20
U0597,28,Male,USA,2024-03-25
U0598,35,Female,India,2024-06-11
U0599,64,Female,Brazil,2022-08-22
U0600,29,Female,USA,2022-08-17
U0601,26,Female,India,2022-01-25
U0602,27,Female,UK,2023-11-07
U0603,61,Male,India,2022-07-17
U0604,34,Female,India,2023-02-13
U0605,55,Male,USA,2022-12-03
U0606,24,Female,Australia,2022-10-13
U0607,63,Female,USA,2024-06-04
U0608,30,Female,Canada,2022-03-13
U0609,57,Male,Brazil,2024-03-02
U0610,59,Female,India,2022-10-13
U0611,26,Female,India,2022-12-26
U0612,44,Female,USA,2023-10-19
U0613,19,Male,USA,2023-06-06
U0614,22,Male,USA,2023-02-14
U0615,46,Male,Australia,2023-11-27
U0616,54,Male,Canada,2024-05-13
U0617,55,Female,UK,2023-07-04
U0618,36,Male,India,2022-12-06
U0619,25,Prefer not to say,Germany,2022-01-29
U0620,62,Male,Brazil,2022-04-29
U0621,18,Male,Germany,2024-06-17
U0622,39,Female,India,2022-09-25
U0623,34,Female,UK,2022-07-02
U0624,24,Female,India,2023-08-18
U0625,42,Female,India,2022-09-29
U0626,62,Female,India,2022-02-09
U0627,21,Male,UK,2022-04-22
U0628,53,Prefer not to say,Canada,2023-09-03
U0629,23,Prefer not to say,India,2023-03-21
U0630,48,Female,USA,2022-12-20
U0631,36,Male,USA,2024-01-17
U0632,61,Female,USA,2024-03-16
U0633,56,Male,India,2022-11-18
U0634,44,Male,USA,2023-03-23
U0635,27,Male,Germany,2023-09-13
U0636,43,Male,India,2023-06-08
U0637,36,Female,India,2022-04-29
U0638,56,Female,USA,2023-01-30
U0639,20,Female,Brazil,2023-08-14
U0640,62,Male,Canada,2022-07-14
U0641,30,Male,Canada,2022-09-18
U0642,45,Male,USA,2022-02-15
U0643,37,Prefer not to say,UK,2023-12-27
U0644,45,Male,India,2023-03-23
U0645,25,Female,UK,2022-01-02
U0646,58,Female,Australia,2023-06-17
U0647,56,Male,UK,2024-04-05
U0648,18,Female,Australia,2023-07-06
U0649,20,Female,Canada,2023-12-05
U0650,30,Female,India,2024-01-07
U0651,45,Female,Australia,2024-01-30
U0652,42,Male,India,2024-01-25
U0653,50,Male,USA,2023-11-18
U0654,55,Female,India,2022-07-21
U0655,23,Female,India,2023-01-08
U0656,61,Male,USA,2023-03-18
U0657,62,Female,India,2022-03-13
U0658,49,Female,USA,2023-11-12
U0659,62,Female,UK,2022-12-05
U0660,64,Male,India,2023-10-01
U0661,38,Female,India,2022-11-18
U0662,33,Female,UK,2023-11-11
U0663,38,Male,India,2024-05-18
U0664,28,Male,Canada,2022-05-08
U0665,54,Prefer not to say,Canada,2024-01-08
U0666,53,Male,Germany,2022-11-04
U0667,52,Female,Canada,2023-06-04
U0668,36,Female,USA,2022-11-13
U0669,37,Male,Canada,2023-11-14
U0670,35,Female,India,2023-02-23
U0671,64,Male,India,2022-12-01
U0672,58,Female,Germany,2023-02-17
U0673,31,Male,USA,2023-12-15
U0674,32,Female,Germany,2022-10-30
U0675,48,Male,Germany,2023-07-22
U0676,18,Male,Australia,2022-05-11
U0677,20,Non-binary,Australia,2022-07-16
U0678,33,Male,USA,2023-03-07
U0679,40,Female,India,2023-11-12
U0680,28,Male,UK,2023-01-24
U0681,29,Female,USA,2023-11-25
U0682,27,Male,UK,2024-02-06
U0683,49,Non-binary,Canada,2022-06-28
U0684,33,Male,Canada,2023-09-23
U0685,25,Male,USA,2023-08-06
U0686,55,Male,India,2022-11-05
U0687,29,Male,USA,2023-02-20
U0688,41,Female,India,2023-07-16
U0689,45,Male,Australia,2024-05-03
U0690,25,Female,India,2022-01-01
U0691,45,Male,India,2022-11-08
U0692,53,Male,India,2022-10-21
U0693,43,Female,UK,2022-08-04
U0694,25,Female,UK,2023-03-17
U0695,45,Male,India,2024-03-15
U0696,45,Male,India,2023-08-17
U0697,54,Male,USA,2023-09-14
U0698,58,Female,India,2023-11-02
U0699,53,Female,Canada,2022-11-26
U0700,44,Male,UK,2023-04-22
U0701,34,Female,USA,2023-03-29
U0702,26,Female,India,2023-03-29
U0703,50,Female,Brazil,2023-11-23
U0704,37,Female,USA,2022-08-07
U0705,30,Male,Canada,2023-06-08
U0706,45,Male,India,2023-04-30
U0707,46,Male,USA,2024-03-23
U0708,30,Male,India,2024-03-26
U0709,63,Female,USA,2024-01-24
U0710,52,Non-binary,Brazil,2022-06-23
U0711,23,Male,USA,2023-11-06
U0712,35,Male,India,2022-03-28
U0713,22,Male,India,2022-10-18
U0714,64,Non-binary,USA,2023-06-12
U0715,42,Male,India,2023-11-11
U0716,19,Female,India,2023-10-11
U0717,27,Male,Germany,2023-09-27
U0718,47,Male,USA,2022-12-10
U0719,62,Prefer not to say,India,2022-04-06
U0720,22,Non-binary,Australia,2024-04-18
U0721,50,Male,India,2024-02-09
U0722,18,Non-binary,Brazil,2022-08-29
U0723,35,Female,India,2023-11-20
U0724,49,Female,Australia,2022-11-14
U0725,64,Male,UK,2022-08-19
U0726,28,Female,Germany,2024-04-05
U0727,38,Female,Brazil,2022-07-23
U0728,43,Female,India,2022-05-31
U0729,42,Male,Brazil,2022-01-26
U0730,39,Male,USA,2022-02-17
U0731,44,Male,USA,2022-09-08
U0732,30,Female,India,2023-05-02
U0733,50,Male,USA,2023-09-18
U0734,51,Female,India,2024-05-20
U0735,58,Non-binary,UK,2024-02-26
U0736,52,Male,USA,2022-03-16
U0737,18,Female,Germany,2023-04-12
U0738,38,Male,Germany,2023-03-01
U0739,23,Female,USA,2023-10-07
U0740,45,Male,India,2023-08-13
U0741,34,Female,India,2022-07-19
U0742,22,Female,India,2024-01-06
U0743,48,Non-binary,India,2023-12-15
U0744,22,Female,India,2023-01-29
U0745,55,Female,India,2023-05-22
U0746,20,Female,Brazil,2023-02-14
U0747,40,Female,UK,2022-09-07
U0748,54,Female,India,2022-06-01
U0749,54,Male,UK,2023-11-03
U0750,27,Non-binary,India,2023-12-06
U0751,27,Female,USA,2022-01-06
U0752,36,Female,UK,2024-02-08
U0753,34,Male,USA,2024-05-31
U0754,38,Female,USA,2024-02-28
U0755,31,Male,Brazil,2022-04-20
U0756,26,Female,Australia,2024-03-08
U0757,63,Male,UK,2023-03-12
U0758,18,Female,UK,2022-08-13
U0759,62,Prefer not to say,UK,2022-06-30
U0760,30,Male,India,2024-04-03
U0761,21,Prefer not to say,USA,2023-12-14
U0762,18,Male,India,2023-06-15
U0763,57,Female,USA,2023-04-21
U0764,49,Female,USA,2022-02-21
U0765,51,Female,India,2023-07-25
U0766,45,Female,Brazil,2022-09-13
U0767,48,Female,Australia,2024-05-18
U0768,25,Male,Canada,2022-05-05
U0769,56,Male,USA,2023-04-13
U0770,43,Female,Australia,2022-05-17
U0771,51,Female,India,2024-03-31
U0772,20,Female,Germany,2023-04-21
U0773,29,Female,India,2023-11-15
U0774,18,Male,Germany,2023-06-28
U0775,61,Female,India,2023-07-27
U0776,22,Male,Australia,2023-09-02
U0777,47,Female,Brazil,2022-11-21
U0778,47,Male,India,2024-02-13
U0779,34,Male,USA,2023-03-30
U0780,64,Male,Brazil,2023-09-20
U0781,40,Male,USA,2024-04-14
U0782,32,Female,Australia,2024-01-07
U0783,54,Male,UK,2023-06-01
U0784,38,Male,USA,2023-03-13
U0785,31,Male,India,2024-04-30
U0786,19,Male,India,2023-07-16
U0787,28,Male,Germany,2023-04-02
U0788,56,Male,USA,2022-06-12
U0789,55,Female,USA,2024-02-01
U0790,51,Female,USA,2024-06-01
U0791,55,Female,UK,2023-05-02
U0792,51,Male,Australia,2023-04-06
U0793,35,Male,Brazil,2022-09-23
U0794,47,Female,USA,2024-02-09
U0795,32,Female,Germany,2022-09-11
U0796,44,Male,Germany,2024-05-10
U0797,51,Male,UK,2023-10-15
U0798,55,Male,Brazil,2022-10-11
U0799,50,Male,India,2024-02-24
U0800,41,Male,India,2024-03-07
U0801,32,Female,Australia,2023-06-18
U0802,47,Female,USA,2023-05-12
U0803,59,Female,Germany,2023-10-04
U0804,34,Female,Australia,2022-09-02
U0805,22,Female,India,2022-10-09
U0806,46,Female,Australia,2023-03-27
U0807,21,Non-binary,USA,2022-03-21
U0808,27,Male,USA,2024-01-01
U0809,34,Male,UK,2022-10-20
U0810,27,Male,Australia,2022-08-29
U0811,34,Female,India,2022-10-06
U0812,37,Female,USA,2022-12-10
U0813,41,Male,Canada,2022-11-24
U0814,22,Non-binary,Canada,2023-07-08
U0815,51,Male,Canada,2022-03-24
U0816,23,Non-binary,India,2022-05-22
U0817,19,Male,India,2022-06-04
U0818,30,Male,USA,2022-08-25
U0819,60,Female,Germany,2023-01-28
U0820,60,Male,India,2023-12-12
U0821,28,Male,India,2022-06-06
U0822,64,Male,Brazil,2023-12-25
U0823,40,Female,India,2022-08-08
U0824,33,Female,Brazil,2022-03-07
U0825,48,Male,Canada,2023-03-01
U0826,28,Female,Germany,2023-02-22
U0827,33,Female,India,2022-12-05
U0828,25,Male,India,2023-07-10
U0829,21,Male,Canada,2023-04-23
U0830,57,Male,Germany,2023-03-02
U0831,21,Male,Canada,2022-03-05
U0832,42,Female,India,2022-07-31
U0833,20,Male,Germany,2024-05-02
U0834,49,Female,Germany,2023-03-07
U0835,20,Female,Canada,2023-02-03
U0836,44,Male,Germany,2024-02-28
U0837,46,Female,Germany,2023-08-22
U0838,49,Male,UK,2023-12-14
U0839,36,Non-binary,India,2022-01-21
U0840,38,Female,USA,2024-05-27
U0841,22,Female,India,2024-02-23
U0842,35,Female,USA,2023-08-13
U0843,45,Male,USA,2023-01-25
U0844,59,Female,India,2023-05-04
U0845,39,Non-binary,India,2022-01-07
U0846,38,Female,India,2022-12-27
U0847,23,Female,Germany,2022-11-02
U0848,18,Female,Brazil,2024-02-11
U0849,22,Male,India,2023-02-04
U0850,58,Male,Brazil,2024-05-23
U0851,29,Female,USA,2024-05-05
U0852,43,Male,India,2023-03-06
U0853,63,Female,India,2023-07-06
U0854,51,Female,USA,2024-02-05
U0855,31,Male,Germany,2024-01-23
U0856,43,Male,Canada,2023-07-14
U0857,62,Female,India,2024-03-30
U0858,44,Male,India,2023-09-10
U0859,26,Female,USA,2022-08-14
U0860,43,Male,India,2023-05-15
U0861,64,Female,India,2022-08-13
U0862,39,Male,India,2022-10-07
U0863,64,Female,Germany,2023-03-23
U0864,47,Male,Australia,2023-05-13
U0865,60,Female,USA,2022-01-30
U0866,34,Male,Australia,2023-02-03
U0867,43,Female,India,2022-12-11
U0868,53,Female,USA,2023-11-16
U0869,18,Male,India,2023-11-27
U0870,25,Male,UK,2024-03-28
U0871,52,Male,Brazil,2023-02-19
U0872,32,Female,UK,2024-01-12
U0873,64,Female,USA,2022-06-19
U0874,39,Female,UK,2024-05-10
U0875,31,Male,India,2023-04-24
U0876,43,Male,Australia,2022-05-11
U0877,45,Female,USA,2023-09-30
U0878,40,Female,USA,2023-07-01
U0879,31,Prefer not to say,UK,2022-01-28
U0880,41,Male,UK,2023-02-08
U0881,19,Female,India,2023-08-30
U0882,62,Male,Canada,2023-08-01
U0883,43,Male,India,2023-11-10
U0884,31,Female,Canada,2022-01-28
U0885,24,Female,Germany,2022-03-27
U0886,20,Prefer not to say,Germany,2023-10-21
U0887,64,Male,UK,2023-03-15
U0888,40,Male,USA,2022-05-19
U0889,63,Female,India,2024-06-06
U0890,60,Female,Germany,2023-04-18
U0891,64,Male,India,2022-07-06
U0892,62,Male,USA,2022-02-21
U0893,35,Male,India,2022-09-24
U0894,55,Female,India,2023-01-24
U0895,52,Male,UK,2022-12-02
U0896,32,Male,India,2022-08-05
U0897,42,Male,Canada,2023-04-11
U0898,54,Male,India,2022-12-01
U0899,45,Male,India,2022-12-12
U0900,27,Female,USA,2024-02-19
U0901,56,Male,India,2024-06-19
U0902,34,Female,India,2023-01-24
U0903,56,Male,Canada,2022-10-12
U0904,39,Female,India,2024-02-10
U0905,43,Female,Germany,2024-05-01
U0906,61,Female,India,2023-03-08
U0907,42,Female,India,2022-09-16
U0908,34,Male,Canada,2024-05-04
U0909,30,Male,India,2022-03-25
U0910,37,Female,India,2023-04-27
U0911,42,Prefer not to say,USA,2022-01-20
U0912,21,Female,India,2024-02-07
U0913,27,Female,Germany,2023-07-07
U0914,20,Female,India,2022-02-23
U0915,58,Male,Germany,2022-12-25
U0916,62,Male,Australia,2022-08-18
U0917,35,Female,USA,2023-10-28
U0918,64,Non-binary,Australia,2022-03-12
U0919,53,Male,USA,2024-03-10
U0920,64,Female,Brazil,2023-10-30
U0921,39,Male,India,2022-02-11
U0922,51,Female,Canada,2024-02-12
U0923,64,Male,USA,2022-02-01
U0924,25,Male,USA,2022-09-11
U0925,57,Female,UK,2022-07-24
U0926,61,Male,Canada,2024-05-09
U0927,36,Female,India,2022-01-21
U0928,59,Female,India,2023-09-29
U0929,58,Non-binary,Canada,2022-06-06
U0930,54,Male,Canada,2022-09-02
U0931,23,Male,Brazil,2022-05-10
U0932,43,Male,Germany,2023-04-30
U0933,51,Prefer not to say,Brazil,2023-11-17
U0934,62,Non-binary,Canada,2022-04-28
U0935,23,Female,India,2023-08-01
U0936,54,Female,India,2022-08-12
U0937,50,Female,Germany,2023-04-22
U0938,39,Female,UK,2023-12-18
U0939,38,Male,India,2022-09-20
U0940,23,Female,USA,2024-02-25
U0941,23,Male,Brazil,2023-01-13
U0942,21,Female,USA,2022-06-21
U0943,47,Female,USA,2023-09-13
U0944,28,Female,USA,2023-09-14
U0945,47,Male,India,2024-02-05
U0946,48,Male,USA,2024-01-06
U0947,41,Male,USA,2022-04-28
U0948,26,Male,India,2024-03-07
U0949,20,Male,Germany,2024-04-18
U0950,48,Non-binary,USA,2022-06-17
U0951,57,Female,Germany,2022-11-15
U0952,54,Male,Australia,2022-04-21
U0953,53,Male,India,2023-08-16
U0954,41,Male,Canada,2022-01-27
U0955,48,Female,USA,2022-11-16
U0956,23,Female,Australia,2023-08-13
U0957,19,Female,India,2023-11-25
U0958,37,Female,Canada,2023-01-20
U0959,45,Prefer not to say,UK,2023-02-11
U0960,28,Female,India,2024-01-03
U0961,21,Male,India,2022-07-23
U0962,32,Non-binary,Canada,2022-03-19
U0963,23,Male,Canada,2023-08-30
U0964,47,Female,India,2023-12-09
U0965,55,Male,UK,2024-04-30
U0966,19,Female,USA,2023-10-05
U0967,32,Female,Canada,2022-09-06
U0968,28,Female,India,2022-04-15
U0969,25,Female,Australia,2023-12-15
U0970,43,Male,India,2024-03-02
U0971,62,Male,USA,2022-11-05
U0972,61,Male,India,2024-05-20
U0973,22,Male,India,2023-12-02
U0974,23,Female,USA,2023-09-07
U0975,43,Male,India,2024-04-04
U0976,21,Prefer not to say,Germany,2022-05-04
U0977,36,Female,India,2024-03-26
U0978,37,Female,USA,2023-08-03
U0979,50,Male,India,2024-03-12
U0980,37,Female,India,2022-02-12
U0981,29,Non-binary,India,2022-12-22
U0982,64,Female,USA,2023-06-30
U0983,18,Female,USA,2023-03-15
U0984,43,Female,USA,2023-11-09
U0985,31,Male,USA,2023-01-15
U0986,55,Female,UK,2022-03-12
U0987,54,Male,India,2023-06-03
U0988,28,Male,USA,2023-10-26
U0989,53,Male,Brazil,2022-12-16
U0990,30,Male,USA,2022-01-13
U0991,60,Male,Canada,2024-05-19
U0992,20,Male,India,2023-03-07
U0993,50,Non-binary,Germany,2024-04-22
U0994,23,Female,Germany,2023-05-17
U0995,27,Non-binary,USA,2022-04-19
U0996,22,Male,Brazil,2023-03-20
U0997,40,Male,India,2023-01-06
U0998,27,Female,India,2023-10-13
U0999,61,Male,Germany,2024-04-28
U1000,19,Male,Germany,2023-04-16
